serie,arquitectura,ventana,unidades_1,unidades_2,dropout,learning_rate,batch_size,epocas_utilizadas,val_loss
Aérea,LSTM simple,6,16,,0.2,0.001,16,30,0.05191401019692421
Aérea,LSTM simple,6,16,,0.0,0.001,16,18,0.05392294377088547
Aérea,LSTM simple,12,16,,0.0,0.0005,8,16,0.058444004505872726
Aérea,LSTM simple,6,32,,0.0,0.0005,8,18,0.059419818222522736
Aérea,LSTM simple,6,32,,0.0,0.001,16,17,0.0607195682823658
Aérea,LSTM simple,6,16,,0.2,0.001,8,41,0.06299737840890884
Aérea,LSTM simple,6,32,,0.0,0.0005,16,21,0.06372641026973724
Aérea,LSTM simple,6,16,,0.0,0.0005,16,27,0.06393004208803177
Aérea,LSTM simple,6,16,,0.0,0.0005,8,20,0.06582792848348618
Aérea,LSTM simple,6,64,,0.0,0.001,8,18,0.06607601046562195
Aérea,LSTM simple,6,32,,0.2,0.001,8,29,0.06642457842826843
Aérea,LSTM simple,6,64,,0.0,0.0005,8,17,0.06696305423974991
Aérea,LSTM simple,6,16,,0.0,0.001,8,40,0.06864527612924576
Aérea,LSTM simple,6,64,,0.0,0.0005,16,19,0.06941761821508408
Aérea,LSTM simple,12,32,,0.2,0.001,16,20,0.06987238675355911
Aérea,LSTM simple,6,64,,0.2,0.001,8,18,0.07021444290876389
Aérea,LSTM simple,6,32,,0.0,0.001,8,17,0.07076062262058258
Aérea,LSTM simple,6,64,,0.2,0.001,16,21,0.07083030790090561
Aérea,LSTM simple,12,32,,0.2,0.0005,16,19,0.07147553563117981
Aérea,LSTM simple,18,32,,0.0,0.001,8,16,0.07216300070285797
Aérea,LSTM simple,6,64,,0.2,0.0005,16,19,0.07228634506464005
Aérea,LSTM apilada,6,64,32.0,0.0,0.001,8,17,0.07233687490224838
Aérea,LSTM apilada,6,32,16.0,0.2,0.001,8,19,0.07316164672374725
Aérea,LSTM apilada,6,64,32.0,0.0,0.0005,16,18,0.0733172744512558
Aérea,LSTM apilada,6,64,32.0,0.2,0.001,16,20,0.07349757105112076
Aérea,LSTM apilada,6,64,16.0,0.2,0.001,8,18,0.07399938255548477
Aérea,LSTM apilada,6,32,32.0,0.0,0.001,16,17,0.07424529641866684
Aérea,LSTM simple,6,32,,0.2,0.0005,8,57,0.07424996793270111
Aérea,LSTM apilada,6,64,32.0,0.2,0.001,8,17,0.07446997612714767
Aérea,LSTM simple,6,64,,0.2,0.0005,8,32,0.07489768415689468
Aérea,LSTM apilada,6,32,16.0,0.2,0.0005,8,18,0.0750374123454094
Aérea,LSTM simple,12,16,,0.0,0.001,16,20,0.07563608139753342
Aérea,LSTM apilada,6,64,16.0,0.2,0.0005,16,23,0.0758218839764595
Aérea,LSTM simple,18,16,,0.2,0.001,8,25,0.07616306096315384
Aérea,LSTM simple,12,16,,0.2,0.001,8,24,0.07666583359241486
Aérea,LSTM apilada,6,64,32.0,0.0,0.001,16,20,0.07678578794002533
Aérea,LSTM apilada,6,64,16.0,0.2,0.001,16,17,0.07679323107004166
Aérea,LSTM apilada,6,32,32.0,0.0,0.0005,16,19,0.0768284946680069
Aérea,LSTM apilada,6,64,16.0,0.0,0.001,8,18,0.07693739980459213
Aérea,LSTM simple,18,16,,0.2,0.0005,8,18,0.07702720910310745
Aérea,LSTM apilada,6,32,32.0,0.2,0.001,8,34,0.0770815759897232
Aérea,LSTM apilada,6,32,16.0,0.2,0.0005,16,21,0.07713238149881363
Aérea,LSTM apilada,6,32,32.0,0.2,0.001,16,21,0.07728766649961472
Aérea,LSTM apilada,6,64,16.0,0.0,0.0005,16,19,0.07731848210096359
Aérea,LSTM simple,18,64,,0.0,0.001,16,16,0.07790950685739517
Aérea,LSTM apilada,6,64,16.0,0.0,0.001,16,20,0.07802935689687729
Aérea,LSTM simple,12,16,,0.2,0.0005,8,18,0.07804200053215027
Aérea,LSTM simple,6,64,,0.0,0.001,16,22,0.07804486900568008
Aérea,LSTM apilada,6,64,32.0,0.2,0.0005,8,19,0.07814264297485352
Aérea,LSTM apilada,6,32,32.0,0.0,0.001,8,18,0.07824669778347015
Aérea,LSTM apilada,6,64,32.0,0.0,0.0005,8,19,0.07851121574640274
Aérea,LSTM simple,18,16,,0.0,0.0005,16,20,0.07867910712957382
Aérea,LSTM apilada,6,32,32.0,0.2,0.0005,16,21,0.0787346363067627
Aérea,LSTM apilada,6,64,16.0,0.2,0.0005,8,39,0.07880006730556488
Aérea,LSTM apilada,6,32,32.0,0.2,0.0005,8,23,0.07910222560167313
Aérea,LSTM apilada,6,32,16.0,0.0,0.0005,16,20,0.07985130697488785
Aérea,LSTM apilada,6,32,32.0,0.0,0.0005,8,20,0.08022220432758331
Aérea,LSTM apilada,6,32,16.0,0.0,0.001,8,18,0.08035092055797577
Aérea,LSTM simple,6,32,,0.2,0.0005,16,24,0.0807756558060646
Aérea,LSTM simple,12,16,,0.0,0.0005,16,22,0.0808703601360321
Aérea,LSTM simple,6,32,,0.2,0.001,16,20,0.08102273941040039
Aérea,LSTM apilada,6,32,16.0,0.2,0.001,16,23,0.0811084434390068
Aérea,LSTM apilada,6,32,16.0,0.0,0.001,16,21,0.08140438050031662
Aérea,LSTM simple,12,32,,0.0,0.0005,8,17,0.08172330260276794
Aérea,LSTM apilada,6,64,32.0,0.2,0.0005,16,23,0.08179973810911179
Aérea,LSTM simple,18,64,,0.2,0.0005,8,16,0.08257382363080978
Aérea,LSTM simple,12,64,,0.2,0.001,16,20,0.08315690606832504
Aérea,LSTM apilada,6,64,16.0,0.0,0.0005,8,20,0.08330494165420532
Aérea,LSTM simple,12,64,,0.2,0.001,8,17,0.0834641084074974
Aérea,LSTM simple,12,64,,0.0,0.0005,16,17,0.08391949534416199
Aérea,LSTM simple,18,64,,0.2,0.0005,16,17,0.08412687480449677
Aérea,LSTM simple,12,64,,0.0,0.001,16,20,0.08416552096605301
Aérea,LSTM simple,12,32,,0.2,0.001,8,16,0.08466599881649017
Aérea,LSTM simple,12,32,,0.0,0.0005,16,19,0.08474704623222351
Aérea,LSTM simple,12,32,,0.2,0.0005,8,25,0.08501221239566803
Aérea,LSTM apilada,12,64,32.0,0.0,0.001,16,16,0.0855599120259285
Aérea,LSTM apilada,6,32,16.0,0.0,0.0005,8,19,0.08612426370382309
Aérea,LSTM simple,18,64,,0.2,0.001,8,17,0.08770965784788132
Aérea,LSTM apilada,12,32,32.0,0.0,0.001,8,17,0.08778771013021469
Aérea,LSTM simple,18,32,,0.2,0.0005,16,18,0.08831757307052612
Aérea,LSTM simple,12,64,,0.2,0.0005,16,18,0.08844079077243805
Aérea,LSTM apilada,12,64,32.0,0.2,0.0005,8,16,0.08862660825252533
Aérea,LSTM apilada,12,64,32.0,0.2,0.001,16,18,0.08863703161478043
Aérea,LSTM simple,18,64,,0.2,0.001,16,20,0.0887715220451355
Aérea,LSTM simple,6,16,,0.2,0.0005,16,31,0.0890260562300682
Aérea,LSTM simple,18,16,,0.0,0.001,8,19,0.08926155418157578
Aérea,LSTM apilada,12,32,16.0,0.0,0.0005,8,18,0.0898895189166069
Aérea,LSTM apilada,12,64,16.0,0.2,0.0005,8,16,0.09078547358512878
Aérea,LSTM simple,18,64,,0.0,0.001,8,17,0.0908113494515419
Aérea,LSTM simple,6,16,,0.2,0.0005,8,23,0.09088439494371414
Aérea,LSTM apilada,12,32,32.0,0.0,0.001,16,19,0.09090600907802582
Aérea,LSTM apilada,12,32,32.0,0.2,0.001,16,20,0.09092255681753159
Aérea,LSTM simple,18,16,,0.0,0.0005,8,19,0.09128997474908829
Aérea,LSTM apilada,12,32,16.0,0.0,0.001,16,16,0.09130528569221497
Aérea,LSTM apilada,18,64,32.0,0.2,0.001,16,19,0.0918249860405922
Aérea,LSTM simple,18,16,,0.2,0.001,16,19,0.09190502017736435
Aérea,LSTM apilada,12,32,32.0,0.0,0.0005,16,18,0.09194236993789673
Aérea,LSTM apilada,12,32,32.0,0.2,0.001,8,17,0.0922274962067604
Aérea,LSTM simple,18,32,,0.0,0.0005,16,19,0.09241531044244766
Aérea,LSTM apilada,12,32,16.0,0.2,0.001,8,16,0.09255832433700562
Aérea,LSTM simple,18,32,,0.2,0.001,16,20,0.09269977360963821
Aérea,LSTM apilada,12,64,16.0,0.2,0.001,8,17,0.0927334800362587
Aérea,LSTM simple,12,32,,0.0,0.001,16,22,0.09305325895547867
Aérea,LSTM apilada,12,64,32.0,0.0,0.001,8,17,0.09322911500930786
Aérea,LSTM simple,12,16,,0.2,0.001,16,19,0.09329110383987427
Aérea,LSTM apilada,12,64,16.0,0.0,0.001,16,19,0.09344218671321869
Aérea,LSTM apilada,12,64,16.0,0.0,0.0005,16,17,0.09379014372825623
Aérea,LSTM simple,12,64,,0.0,0.0005,8,19,0.09385846555233002
Aérea,LSTM apilada,12,64,32.0,0.2,0.0005,16,21,0.09400428831577301
Aérea,LSTM apilada,12,32,16.0,0.2,0.0005,16,20,0.0940607562661171
Aérea,LSTM simple,12,64,,0.0,0.001,8,18,0.09453138709068298
Aérea,LSTM apilada,18,32,32.0,0.2,0.001,16,19,0.09461095929145813
Aérea,LSTM apilada,12,64,16.0,0.0,0.001,8,17,0.09467843919992447
Aérea,LSTM apilada,12,32,16.0,0.0,0.0005,16,19,0.09511178731918335
Aérea,LSTM apilada,12,64,32.0,0.2,0.001,8,24,0.09512323141098022
Aérea,LSTM apilada,12,32,16.0,0.2,0.001,16,17,0.09525598585605621
Aérea,LSTM apilada,18,32,16.0,0.2,0.0005,16,18,0.09534931927919388
Aérea,LSTM apilada,18,32,16.0,0.0,0.0005,16,18,0.09586036950349808
Aérea,LSTM simple,12,32,,0.0,0.001,8,19,0.09613527357578278
Aérea,LSTM simple,18,64,,0.0,0.0005,16,17,0.09613751620054245
Aérea,LSTM apilada,18,32,16.0,0.2,0.001,8,16,0.09615824371576309
Aérea,LSTM apilada,12,32,32.0,0.2,0.0005,16,22,0.09625045210123062
Aérea,LSTM apilada,18,32,16.0,0.2,0.001,16,19,0.09669715166091919
Aérea,LSTM apilada,12,32,32.0,0.2,0.0005,8,28,0.09679675102233887
Aérea,LSTM simple,18,32,,0.2,0.001,8,35,0.09692811220884323
Aérea,LSTM simple,12,16,,0.2,0.0005,16,26,0.09713573753833771
Aérea,LSTM simple,18,32,,0.2,0.0005,8,18,0.09782856702804565
Aérea,LSTM apilada,12,64,32.0,0.0,0.0005,8,16,0.09790581464767456
Aérea,LSTM apilada,12,64,16.0,0.0,0.0005,8,16,0.09829114377498627
Aérea,LSTM apilada,12,64,16.0,0.2,0.001,16,20,0.09846344590187073
Aérea,LSTM apilada,12,32,32.0,0.0,0.0005,8,17,0.0988403856754303
Aérea,LSTM apilada,18,64,32.0,0.0,0.0005,8,16,0.09891396760940552
Aérea,LSTM apilada,18,64,16.0,0.2,0.0005,8,16,0.09922885149717331
Aérea,LSTM apilada,12,32,16.0,0.0,0.001,8,16,0.09939359873533249
Aérea,LSTM apilada,18,32,32.0,0.2,0.0005,16,18,0.09968733042478561
Aérea,LSTM apilada,18,32,32.0,0.2,0.001,8,17,0.1003563404083252
Aérea,LSTM simple,12,64,,0.2,0.0005,8,19,0.10066509246826172
Aérea,LSTM apilada,18,32,32.0,0.0,0.0005,16,18,0.10187660902738571
Aérea,LSTM apilada,18,32,32.0,0.0,0.0005,8,16,0.10205528885126114
Aérea,LSTM apilada,12,64,32.0,0.0,0.0005,16,21,0.1029006838798523
Aérea,LSTM simple,12,16,,0.0,0.001,8,18,0.10317148268222809
Aérea,LSTM apilada,18,64,16.0,0.0,0.001,8,17,0.1032814309000969
Aérea,LSTM apilada,18,64,16.0,0.0,0.001,16,16,0.10334175825119019
Aérea,LSTM apilada,18,64,32.0,0.2,0.0005,8,18,0.10363089293241501
Aérea,LSTM apilada,12,32,16.0,0.2,0.0005,8,21,0.10368498414754868
Aérea,LSTM simple,18,32,,0.0,0.0005,8,18,0.10400551557540894
Aérea,LSTM apilada,18,64,16.0,0.2,0.0005,16,18,0.10479440540075302
Aérea,LSTM apilada,18,64,32.0,0.0,0.001,16,18,0.10486776381731033
Aérea,LSTM apilada,18,32,16.0,0.0,0.001,16,17,0.10554450750350952
Aérea,LSTM apilada,18,64,32.0,0.0,0.0005,16,20,0.10630260407924652
Aérea,LSTM apilada,12,64,16.0,0.2,0.0005,16,22,0.10681799799203873
Aérea,LSTM apilada,18,32,16.0,0.2,0.0005,8,17,0.1077020913362503
Aérea,LSTM apilada,18,64,16.0,0.2,0.001,8,17,0.10797678679227829
Aérea,LSTM apilada,18,32,32.0,0.2,0.0005,8,19,0.1081453263759613
Aérea,LSTM apilada,18,32,32.0,0.0,0.001,16,20,0.10817388445138931
Aérea,LSTM apilada,18,32,32.0,0.0,0.001,8,17,0.10845320671796799
Aérea,LSTM apilada,18,64,16.0,0.0,0.0005,8,16,0.108547143638134
Aérea,LSTM apilada,18,64,16.0,0.0,0.0005,16,17,0.10902206599712372
Aérea,LSTM apilada,18,64,16.0,0.2,0.001,16,16,0.1098814383149147
Aérea,LSTM apilada,18,64,32.0,0.2,0.001,8,32,0.11226025223731995
Aérea,LSTM simple,18,32,,0.0,0.001,16,18,0.11645592749118805
Aérea,LSTM apilada,18,64,32.0,0.2,0.0005,16,21,0.1182992160320282
Aérea,LSTM simple,18,64,,0.0,0.0005,8,19,0.11945053189992905
Aérea,LSTM apilada,18,64,32.0,0.0,0.001,8,18,0.12010636180639267
Aérea,LSTM apilada,18,32,16.0,0.0,0.001,8,18,0.12146223336458206
Aérea,LSTM apilada,18,32,16.0,0.0,0.0005,8,16,0.12505553662776947
Aérea,LSTM simple,18,16,,0.2,0.0005,16,26,0.12804731726646423
Aérea,LSTM simple,18,16,,0.0,0.001,16,23,0.138166606426239
